id,region,GPP_mean,GPP_stdev,P_mean,P_stdev,T_mean,T_stdev
2,CQTP,1129.64693,206.880145,579.334846,14.574867,-5.8,0.04
1,EBI,794.3859649,211.851917,233.207225,3.775277,-12.723357,0.093863
4,MD,4639.759259,924.4847523,299.36209,1.154935,-7.524988,0.02727
3,NT,4591.461111,173.7916966,551.893869,5.547229,-7.28852,0.204155
5,TL,3726.852778,174.8055203,560.768373,3.297639,-9.311156,0.033409
8,WBI,1910.252778,223.8586415,227.692958,0.44,-11.970395,0.009668
6,WQTP,0,0,339.414482,1.75919,-10.86172,0.038193
7,YP,2766.888021,174.676375,440.427191,0.552169,-6.794741,0.008866